Player,Passes,Pass%,xPass%,Score,Per100,Distance,Vertical,Touch%
Ryan Telfer,26.18,100.00%,70.30%,7.78,29.70,18.14,-8.63,1.06%
Javier Pérez,112.00,95.24%,89.08%,6.90,6.16,20.74,8.02,2.87%
Rodney Wallace,22.15,100.00%,78.83%,4.69,21.17,18.04,1.74,1.25%
Luis Arriaga,28.80,100.00%,84.03%,4.60,15.97,15.81,7.17,0.59%
Greg Ranjitsingh,36.24,64.94%,53.33%,4.20,11.60,51.43,45.50,14.14%
Jonathan dos Santos,73.40,89.51%,84.55%,3.64,4.96,19.56,4.15,13.42%
Diego Chara,60.64,91.24%,86.08%,3.13,5.16,19.98,6.51,11.11%
Drew Moor,55.45,91.15%,85.76%,2.99,5.38,20.00,8.38,8.73%
Liam Fraser,79.33,88.54%,84.84%,2.94,3.70,22.12,5.88,13.63%
Francois Affolter,55.27,91.23%,85.97%,2.91,5.26,20.57,3.53,12.78%
Auro,64.77,85.72%,81.27%,2.88,4.45,17.35,2.58,10.20%
Matthew Real,60.57,79.25%,74.59%,2.82,4.65,18.07,3.13,3.06%
Michael Bradley,78.82,88.07%,84.53%,2.79,3.54,21.17,6.09,12.28%
Chad Marshall,45.10,91.26%,85.43%,2.63,5.83,21.95,7.66,7.93%
Diego Polenta,48.90,82.17%,76.88%,2.59,5.29,22.35,9.90,9.68%
Reto Ziegler,62.57,88.04%,83.92%,2.58,4.12,23.37,8.79,11.11%
Andreu Fontàs,73.01,89.83%,86.33%,2.55,3.50,21.41,7.83,10.76%
Greg Garza,57.23,82.86%,78.45%,2.52,4.41,18.87,4.68,10.30%
Bastian Schweinsteiger,61.86,87.01%,82.94%,2.51,4.07,23.26,9.24,11.80%
André Horta,61.00,87.60%,83.49%,2.51,4.11,18.53,1.98,5.10%
Osvaldo Alonso,56.00,92.04%,87.74%,2.41,4.30,19.84,6.02,11.13%
Sean Nealis,26.33,77.78%,68.64%,2.41,9.14,21.28,12.78,5.64%
Tommy Thompson,56.64,88.19%,83.94%,2.40,4.25,16.30,2.43,8.77%
Laurent Ciman,55.30,88.11%,83.84%,2.36,4.27,24.99,8.97,8.39%
Graham Smith,49.08,91.98%,87.29%,2.31,4.70,22.79,7.81,9.98%
Kevin Kratz,38.40,100.00%,94.03%,2.29,5.97,17.78,8.97,0.64%
Luis Felipe,26.03,87.50%,78.71%,2.29,8.79,20.16,11.20,1.53%
Lee Nguyen,65.16,88.75%,85.24%,2.29,3.51,17.07,2.80,6.13%
Eriq Zavaleta,54.82,90.24%,86.07%,2.28,4.17,22.04,5.66,6.72%
Haris Medunjanin,77.48,82.48%,79.56%,2.27,2.92,22.02,8.13,13.31%
Eddie Segura,58.77,89.54%,85.69%,2.26,3.85,20.52,7.98,9.86%
Jordan Harvey,54.72,86.55%,82.44%,2.25,4.10,17.30,2.56,7.95%
Shaft Brewer,68.04,89.04%,85.76%,2.23,3.28,17.51,1.51,12.16%
Tristan Blackmon,65.29,86.95%,83.61%,2.18,3.34,18.48,5.71,9.32%
Antonio Mlinar Delamea,39.37,87.23%,81.82%,2.13,5.42,22.25,8.89,8.10%
Zarek Valentin,54.80,84.07%,80.19%,2.13,3.89,21.02,4.51,9.16%
Matt Hedges,58.27,87.67%,84.02%,2.12,3.65,23.14,9.41,10.72%
Jamiro Monteiro,57.24,86.50%,82.87%,2.08,3.63,17.40,3.61,9.95%
Gedion Zelalem,47.49,89.36%,84.99%,2.08,4.37,18.91,3.27,4.81%
Brendan McDonough,47.30,91.18%,86.85%,2.05,4.33,23.75,4.56,7.14%
Víctor Cabrera,59.17,86.00%,82.57%,2.03,3.43,24.35,8.92,10.73%
Guram Kashia,57.88,86.11%,82.61%,2.03,3.50,25.09,10.66,10.75%
Florentin Pogba,54.48,82.52%,78.86%,2.00,3.66,22.30,7.99,7.95%
Sebastian Lletget,55.00,87.38%,83.75%,1.99,3.63,17.16,1.00,9.29%
Ilsinho,54.63,83.43%,79.83%,1.97,3.60,15.32,0.60,5.26%
David Bingham,30.10,67.91%,61.40%,1.96,6.51,46.20,39.61,17.33%
Dave Romney,37.37,82.91%,77.68%,1.95,5.22,19.74,6.02,7.43%
Graham Zusi,63.86,82.68%,79.64%,1.95,3.05,20.55,4.55,11.93%
Darlington Nagbe,53.49,92.58%,88.97%,1.93,3.61,18.24,2.25,9.14%
Chris Mavinga,49.70,88.49%,84.61%,1.93,3.88,21.55,7.15,8.55%
Júnior Moreno,58.94,87.98%,84.77%,1.89,3.21,17.67,3.86,11.16%
Alexander Callens,57.97,84.60%,81.36%,1.88,3.24,21.40,8.02,11.29%
Keegan Rosenberry,43.78,80.00%,75.75%,1.86,4.25,19.86,7.30,10.85%
Xavier Arreaga,49.67,88.12%,84.38%,1.86,3.75,23.86,9.24,9.58%
Chris Duvall,57.80,79.66%,76.52%,1.82,3.14,20.69,5.67,12.46%
Alex Crognale,38.11,81.61%,76.89%,1.80,4.72,24.82,12.84,7.47%
Rolf Feltscher,50.27,77.03%,73.46%,1.80,3.57,18.09,4.34,9.57%
Perry Kitchen,33.33,87.10%,81.74%,1.79,5.36,17.87,6.20,5.94%
Nick Rimando,33.74,72.18%,66.95%,1.77,5.23,40.19,33.06,15.69%
Chris Odoi-Atsem,45.18,80.56%,76.66%,1.76,3.90,16.18,4.51,5.00%
Darwin Cerén,50.98,87.69%,84.26%,1.75,3.44,23.05,5.22,5.91%
Gustav Svensson,60.10,87.15%,84.25%,1.74,2.89,22.54,8.20,9.85%
Justin Portillo,67.25,89.66%,87.09%,1.72,2.56,22.39,3.64,6.77%
Walker Zimmerman,53.98,85.14%,81.95%,1.72,3.18,21.65,9.14,8.85%
Matt Besler,66.09,85.46%,82.87%,1.71,2.59,23.29,9.37,11.37%
Jonathan Bornstein,42.86,80.54%,76.60%,1.69,3.94,18.32,5.03,8.68%
Scott Sutter,49.13,80.04%,76.68%,1.65,3.36,17.88,3.71,7.29%
Lamine Sané,40.44,86.63%,82.56%,1.65,4.07,22.26,9.54,8.43%
Connor Maloney,40.12,77.47%,73.39%,1.64,4.08,19.01,6.20,8.59%
DaMarcus Beasley,55.93,82.32%,79.41%,1.62,2.90,17.96,4.10,11.12%
Claude Dielna,49.84,82.55%,79.29%,1.62,3.25,24.62,10.58,8.77%
Joevin Jones,56.08,84.09%,81.21%,1.62,2.88,18.34,-0.11,6.56%
Eduard Atuesta,81.00,85.73%,83.74%,1.61,1.99,19.26,6.17,13.41%
Jack Price,54.29,80.88%,77.94%,1.60,2.94,23.42,5.90,10.68%
Justin Hoyte,48.62,86.57%,83.28%,1.60,3.29,20.70,5.48,9.57%
Gastón Sauro,44.67,88.28%,84.71%,1.59,3.57,21.23,6.98,8.10%
Collin Martin,47.31,86.41%,83.04%,1.59,3.36,20.99,3.06,6.81%
Josh Williams,50.72,85.19%,82.13%,1.55,3.06,21.21,8.41,8.96%
Leandro González Pirez,65.53,84.28%,81.98%,1.51,2.30,25.11,10.23,11.80%
Jorge Villafaña,53.25,77.91%,75.08%,1.50,2.82,18.29,4.09,9.52%
Daniel Kinumbe,48.00,82.35%,79.27%,1.48,3.08,17.13,-0.73,6.50%
Felipe Hernandez,16.89,78.95%,70.37%,1.45,8.57,15.37,1.88,3.36%
Sebastián Méndez,66.44,89.87%,87.70%,1.44,2.17,18.16,3.90,11.24%
Daniel Steres,43.07,84.02%,80.70%,1.43,3.32,23.81,10.89,8.53%
Maxime Chanot,51.84,84.29%,81.53%,1.43,2.75,23.47,8.72,10.12%
Jorge Moreira,57.90,76.02%,73.55%,1.43,2.46,21.26,5.56,11.35%
Cristian Roldan,57.78,84.18%,81.72%,1.42,2.46,20.07,4.87,10.81%
Jonathan Mensah,54.11,84.37%,81.75%,1.42,2.62,23.04,9.41,10.79%
Rece Buckmaster,43.58,77.49%,74.25%,1.41,3.24,15.51,6.75,9.74%
Marco Delgado,65.19,85.10%,82.96%,1.39,2.14,17.39,4.42,10.72%
Bacary Sagna,60.89,76.72%,74.43%,1.39,2.28,18.15,4.15,10.79%
Jonathan Osorio,50.52,87.04%,84.29%,1.39,2.75,16.34,1.87,7.25%
Tim Parker,34.64,73.61%,69.60%,1.39,4.01,22.58,14.70,7.07%
Omar González,54.58,82.65%,80.12%,1.38,2.54,24.70,10.50,9.58%
Edwin Cerrillo,55.41,92.33%,89.84%,1.38,2.49,18.89,2.34,9.00%
Dejan Jakovic,40.32,86.90%,83.50%,1.37,3.41,20.22,6.81,8.95%
Jack Elliott,49.45,81.59%,78.82%,1.37,2.77,24.97,11.74,9.44%
Kamal Miller,43.54,79.82%,76.68%,1.37,3.14,20.74,7.24,8.89%
Erik Godoy,46.50,81.26%,78.41%,1.33,2.85,24.41,10.20,10.04%
Justin Haak,5.33,100.00%,75.24%,1.32,24.76,9.32,9.20,0.17%
Matías Vera,46.91,91.10%,88.29%,1.32,2.81,21.66,4.00,10.28%
Amando Moreno,21.24,88.00%,81.82%,1.31,6.18,16.03,1.26,1.17%
Kai Wagner,54.59,79.50%,77.10%,1.31,2.40,18.90,2.06,10.23%
Michael Mancienne,40.38,81.29%,78.09%,1.29,3.20,23.45,10.28,8.40%
Andrés Ríos,43.35,84.56%,81.59%,1.29,2.98,17.57,4.33,3.08%
Andy Polo,46.62,84.90%,82.13%,1.29,2.76,17.71,1.71,5.56%
Djordje Mihailovic,47.94,80.98%,78.31%,1.28,2.67,19.92,3.37,6.09%
Dillon Serna,43.19,74.09%,71.15%,1.27,2.93,20.70,5.20,5.41%
A.J. DeLaGarza,44.45,81.05%,78.20%,1.26,2.85,19.67,4.03,8.97%
Ryan Hollingshead,52.21,82.82%,80.42%,1.25,2.40,18.02,2.75,10.34%
Tommy Smith,30.83,82.79%,78.74%,1.25,4.05,24.34,11.31,7.57%
Jay Chapman,44.38,81.56%,78.75%,1.25,2.81,16.71,0.64,3.16%
Julio Cascante,40.33,86.87%,83.82%,1.23,3.05,21.82,8.00,7.12%
Botond Baráth,50.83,87.77%,85.36%,1.22,2.41,23.52,6.88,9.42%
Alejandro Bedoya,51.57,85.25%,82.90%,1.21,2.35,16.37,2.20,9.23%
Lalas Abubakar,31.92,83.82%,80.03%,1.21,3.79,22.99,9.49,9.40%
Aljaz Struna,42.69,88.31%,85.49%,1.20,2.82,22.15,8.60,9.85%
Jackson Yueill,67.62,87.36%,85.58%,1.20,1.77,20.53,4.60,10.75%
Donny Toia,51.71,78.86%,76.55%,1.20,2.31,20.37,6.86,10.21%
Florian Jungwirth,57.15,86.93%,84.84%,1.19,2.09,24.29,7.65,10.46%
Jukka Raitala,49.76,85.03%,82.64%,1.19,2.39,22.26,8.14,8.74%
Cody Cropper,25.32,75.27%,70.64%,1.17,4.63,41.50,32.87,21.55%
Paxton Pomykal,50.24,83.94%,81.61%,1.17,2.33,19.24,3.03,8.56%
Dax McCarty,62.22,86.44%,84.58%,1.16,1.86,19.03,4.65,11.99%
Raheem Edwards,48.36,80.00%,77.61%,1.15,2.39,17.57,5.44,7.54%
Kyle Smith,43.49,79.26%,76.64%,1.14,2.62,17.95,4.78,7.08%
Harrison Afful,54.42,77.83%,75.77%,1.13,2.07,19.85,5.11,10.80%
Albert Rusnák,45.98,83.19%,80.74%,1.12,2.45,21.05,2.14,8.61%
Harold Cummings,58.29,86.46%,84.54%,1.12,1.92,23.63,8.62,10.98%
Michael Salazar,25.34,82.69%,78.33%,1.10,4.36,16.43,-0.54,1.70%
Justen Glad,47.72,84.09%,81.78%,1.10,2.31,22.37,9.02,9.45%
Andrés Flores,37.49,86.65%,83.71%,1.10,2.94,17.20,2.71,4.76%
Steven Birnbaum,42.32,79.70%,77.10%,1.10,2.60,21.24,11.18,8.75%
Ben Sweat,56.13,80.78%,78.83%,1.09,1.95,17.51,3.20,7.81%
Ashtone Morgan,40.27,78.81%,76.10%,1.09,2.71,16.94,3.55,3.53%
Andrew Gutman,50.83,75.26%,73.12%,1.09,2.14,19.48,7.80,9.08%
Michael Parkhurst,55.93,85.33%,83.40%,1.08,1.92,19.01,4.47,8.08%
Héctor Jiménez,51.83,79.32%,77.28%,1.06,2.04,18.41,4.65,7.96%
Micheal Azira,39.65,86.45%,83.78%,1.06,2.67,19.55,3.32,6.87%
Jorge Corrales,53.09,79.94%,77.98%,1.04,1.96,18.17,4.97,7.14%
Nedum Onuoha,40.03,87.61%,85.02%,1.03,2.58,21.43,6.25,8.61%
Maynor Figueroa,52.49,81.78%,79.82%,1.03,1.96,24.18,11.98,11.50%
Matt Lampson,20.57,90.48%,85.51%,1.02,4.97,30.36,22.49,17.01%
Jimmy Maurer,28.80,83.33%,79.80%,1.02,3.54,34.36,22.56,9.63%
Aaron Herrera,49.68,79.71%,77.66%,1.02,2.05,22.19,6.02,10.44%
Russell Teibert,36.42,86.87%,84.08%,1.02,2.79,17.37,2.62,6.91%
Richie Laryea,41.82,85.37%,82.97%,1.00,2.39,16.09,-0.91,7.28%
Reggie Cannon,50.34,83.45%,81.46%,1.00,1.99,17.01,0.49,8.97%
Bryan Reynolds,33.60,76.19%,73.24%,0.99,2.95,15.28,0.15,1.42%
Ebenezer Ofori,51.72,88.79%,86.88%,0.98,1.90,18.66,3.67,6.99%
Steven Beitashour,56.04,84.10%,82.35%,0.98,1.75,17.28,1.67,7.91%
Olivier Mbaizo,49.10,71.43%,69.47%,0.96,1.96,17.57,1.19,6.88%
Chris McCann,44.16,79.50%,77.33%,0.96,2.17,18.93,4.15,5.43%
Chase Gasper,46.38,75.47%,73.41%,0.96,2.06,20.93,5.46,10.09%
Auston Trusty,47.47,79.83%,77.85%,0.94,1.98,23.71,10.46,9.51%
Kim Kee-hee,44.66,84.59%,82.49%,0.94,2.10,23.59,9.06,8.42%
Eduardo Sosa,39.51,83.89%,81.55%,0.93,2.34,16.14,3.50,4.26%
Aurélien Collin,51.34,85.08%,83.29%,0.92,1.79,22.69,10.34,9.53%
Michael Boxall,35.18,84.61%,82.01%,0.91,2.60,21.16,7.56,8.68%
Niko Hansen,38.04,79.59%,77.19%,0.91,2.40,17.51,0.65,2.54%
Bill Tuiloma,37.38,84.10%,81.71%,0.89,2.39,24.02,10.33,7.60%
Stefan Frei,33.93,76.01%,73.44%,0.87,2.56,38.41,28.94,17.29%
Boniek García,46.71,86.53%,84.67%,0.87,1.86,18.70,3.45,9.12%
Miles Robinson,56.91,87.01%,85.49%,0.86,1.52,22.10,6.57,10.91%
Russell Canouse,49.60,86.01%,84.27%,0.86,1.74,18.06,3.91,9.76%
Andre Blake,26.45,70.57%,67.33%,0.86,3.24,40.66,33.61,15.63%
Carlos Miguel Coronel,27.20,61.00%,57.86%,0.85,3.14,46.00,39.81,15.76%
Judson,54.47,87.96%,86.39%,0.85,1.57,22.13,4.89,8.22%
Jonathan Campbell,49.48,83.50%,81.78%,0.85,1.72,23.25,8.66,10.70%
Nick Hagglund,45.61,79.32%,77.49%,0.84,1.83,25.02,10.75,9.98%
Rod Fanni,43.28,86.47%,84.55%,0.83,1.91,22.33,8.97,9.54%
John Nelson,59.25,79.63%,78.24%,0.82,1.39,18.42,2.88,6.36%
Eric Miller,44.40,78.15%,76.30%,0.82,1.85,19.36,3.55,7.00%
Alejandro Pozuelo,66.30,79.14%,77.90%,0.82,1.24,19.11,2.39,11.08%
Josh Pérez,28.15,83.97%,81.12%,0.80,2.85,13.98,-1.71,2.56%
Akeem Ward,17.28,66.67%,62.06%,0.80,4.61,14.81,7.27,2.97%
Justin Morrow,51.13,81.70%,80.14%,0.80,1.56,16.83,0.22,8.60%
Nick Lima,44.46,81.14%,79.35%,0.80,1.79,19.07,0.66,7.62%
Maikel van der Werff,40.34,81.13%,79.17%,0.79,1.96,25.29,10.84,10.51%
Ronald Matarrita,61.07,77.03%,75.74%,0.79,1.29,19.45,3.54,10.52%
Tony Rocha,49.06,86.89%,85.30%,0.78,1.59,16.55,1.39,5.61%
Rudy Camacho,62.38,87.30%,86.07%,0.77,1.23,22.75,7.99,11.15%
Anthony Fontana,39.86,88.73%,86.81%,0.76,1.92,15.33,0.49,1.99%
Chris Pontius,34.90,83.28%,81.12%,0.75,2.15,12.89,-0.81,3.35%
Brandon Bye,43.82,66.82%,65.13%,0.74,1.69,18.51,8.61,10.17%
Brad Knighton,26.41,64.04%,61.26%,0.73,2.78,47.59,40.75,16.64%
Robin Jansson,36.63,82.97%,80.97%,0.73,2.00,23.78,11.80,8.08%
Ricardo Pepi,16.99,75.00%,70.70%,0.73,4.30,13.94,5.31,0.86%
Joe Corona,60.62,85.96%,84.75%,0.73,1.20,17.04,4.45,10.47%
Jan Gregus,63.29,80.90%,79.78%,0.71,1.12,21.45,4.89,12.81%
Nicolas Hasler,54.00,80.89%,79.59%,0.70,1.30,19.44,3.61,6.74%
Felipe Gutiérrez,51.51,83.52%,82.17%,0.70,1.35,20.69,3.52,10.08%
Amar Sejdic,36.51,88.89%,86.99%,0.69,1.90,17.97,-1.71,5.56%
Waylon Francis,53.34,77.00%,75.73%,0.67,1.26,19.14,5.11,8.91%
Raymon Gaddis,49.13,83.00%,81.64%,0.67,1.36,18.15,3.06,8.99%
Magnus Eriksson,55.76,78.29%,77.09%,0.67,1.20,19.12,3.84,10.04%
Nick DeLeon,42.74,81.38%,79.83%,0.66,1.55,17.01,1.82,5.48%
Larrys Mabiala,39.17,83.95%,82.26%,0.66,1.69,21.77,7.66,8.10%
Seth Sinovic,54.34,80.77%,79.55%,0.66,1.21,18.78,2.88,9.44%
Axel Sjöberg,41.17,84.62%,83.02%,0.66,1.60,20.86,6.86,6.89%
Jon Erice,58.50,86.06%,84.93%,0.66,1.12,19.47,6.99,10.54%
Renzo Zambrano,51.44,88.36%,87.09%,0.65,1.27,22.04,4.62,9.26%
Brent Kallman,42.86,86.75%,85.22%,0.65,1.53,21.83,7.44,8.53%
Shea Salinas,43.75,79.28%,77.79%,0.65,1.48,17.63,1.04,4.69%
Nouhou Tolo,52.63,82.00%,80.77%,0.65,1.23,17.05,1.00,4.87%
Siad Haji,34.29,72.00%,70.14%,0.64,1.86,16.23,1.07,1.56%
Corben Bone,45.71,87.00%,85.61%,0.64,1.39,15.87,-0.33,3.27%
Andrew Farrell,41.06,76.16%,74.62%,0.63,1.54,24.34,13.49,10.56%
Cristhian Paredes,42.92,84.63%,83.18%,0.63,1.46,19.77,4.67,7.27%
Kelvin Leerdam,51.73,78.18%,76.97%,0.63,1.21,18.64,2.71,8.91%
Jørgen Skjelvik,41.19,78.41%,76.90%,0.62,1.51,16.37,2.80,7.96%
Aníbal Godoy,55.69,88.93%,87.84%,0.61,1.09,21.45,3.75,10.33%
Paul Marie,40.47,75.00%,73.53%,0.60,1.47,18.05,3.65,4.10%
Oriol Rosell,56.48,85.76%,84.72%,0.59,1.04,20.26,6.34,9.75%
Alex De John,28.03,80.31%,78.23%,0.58,2.09,22.05,9.54,6.46%
Jake Nerwinski,42.87,79.31%,77.97%,0.57,1.34,17.32,2.59,8.12%
Uriel Antuna,27.90,76.36%,74.32%,0.57,2.04,16.69,-0.66,5.91%
Sean Johnson,36.99,75.18%,73.65%,0.57,1.53,37.40,27.77,14.76%
Yohan Croizet,35.43,80.58%,79.00%,0.56,1.58,19.65,2.00,4.96%
Tsubasa Endoh,36.17,79.71%,78.17%,0.56,1.54,17.75,-1.50,4.95%
Kevin Garcia,47.79,80.48%,79.33%,0.55,1.15,22.39,7.29,8.25%
Jasser Khmiri,18.61,84.21%,81.26%,0.55,2.95,21.79,14.09,7.89%
Modou Jadama,40.87,76.74%,75.41%,0.55,1.33,20.50,1.33,9.15%
Brad Smith,61.11,76.87%,75.98%,0.54,0.89,16.91,3.01,9.89%
Alejandro Fuenmayor,52.63,84.80%,83.78%,0.54,1.02,23.93,8.12,10.44%
Clint Irwin,28.06,55.82%,53.91%,0.54,1.91,49.31,44.36,17.06%
Romain Métanire,59.70,71.77%,70.88%,0.54,0.90,20.66,6.72,12.67%
Mathieu Deplagne,46.98,79.21%,78.08%,0.53,1.13,19.02,5.35,10.07%
Bressan,57.78,81.69%,80.77%,0.53,0.91,21.70,6.86,8.42%
Frédéric Brillant,39.79,81.66%,80.33%,0.53,1.32,21.95,10.26,8.42%
Keaton Parks,60.41,85.67%,84.80%,0.52,0.87,18.41,4.37,7.76%
Latif Blessing,48.75,84.64%,83.57%,0.52,1.07,15.88,3.72,8.80%
Marvin Loría,36.44,82.01%,80.59%,0.52,1.42,17.47,0.04,3.78%
Valeri Qazaishvili,36.20,83.79%,82.38%,0.51,1.42,15.99,1.41,6.43%
Danilo Silva,46.71,79.53%,78.43%,0.51,1.10,20.48,8.75,5.80%
Marcos López,58.43,79.40%,78.52%,0.51,0.87,20.33,2.38,7.46%
Román Torres,38.07,78.46%,77.15%,0.50,1.31,25.72,10.43,6.94%
Sam Vines,36.13,77.57%,76.21%,0.49,1.36,20.21,6.86,8.55%
Gianluca Busio,35.43,85.49%,84.11%,0.49,1.38,17.83,-1.97,4.01%
Jesús Medina,35.59,83.92%,82.55%,0.49,1.37,17.25,1.14,3.76%
Luis Martins,52.04,75.20%,74.27%,0.49,0.93,18.31,4.12,10.14%
Franco Escobar,50.77,81.94%,81.00%,0.48,0.94,18.88,1.87,8.94%
Sebastien Ibeagha,42.80,83.87%,82.75%,0.48,1.12,21.82,7.26,4.93%
Giancarlo González,32.00,80.78%,79.31%,0.47,1.47,24.27,9.88,6.32%
Marquinhos Pedroso,48.77,75.11%,74.19%,0.45,0.92,18.82,2.81,6.16%
Hwang In-Beom,56.64,84.58%,83.82%,0.43,0.76,19.76,3.55,10.87%
Ike Opara,37.12,81.62%,80.47%,0.43,1.15,20.84,8.66,8.44%
Johan Kappelhof,39.76,81.78%,80.71%,0.43,1.07,19.94,6.08,8.35%
Quentin Westberg,36.32,75.92%,74.76%,0.42,1.15,36.94,28.40,15.97%
Brandt Bronico,44.93,79.94%,79.05%,0.40,0.89,18.53,4.42,6.88%
Francis Atuahene,8.73,100.00%,95.43%,0.40,4.57,10.94,-6.94,2.47%
Aleksandar Katai,41.08,75.41%,74.47%,0.38,0.94,17.37,0.09,8.29%
Foster Langsdorf,12.00,60.00%,56.81%,0.38,3.19,10.63,1.70,1.09%
Matt Turner,26.59,65.18%,63.75%,0.38,1.43,45.37,38.88,19.72%
Alfonso Ocampo-Chavez,13.98,86.67%,83.98%,0.38,2.69,12.43,-3.21,1.30%
Deklan Wynne,36.88,77.84%,76.83%,0.37,1.00,22.69,10.18,9.30%
Everton Luiz,38.29,86.54%,85.59%,0.36,0.95,17.13,2.72,7.48%
Przemyslaw Tyton,30.56,65.82%,64.70%,0.34,1.13,42.95,34.65,16.54%
Shandon Hopeau,30.44,84.62%,83.51%,0.34,1.11,12.83,-4.50,2.15%
Brek Shea,56.39,79.10%,78.50%,0.33,0.59,18.40,1.93,5.65%
Joseph Mora,39.94,72.66%,71.83%,0.33,0.84,17.37,5.65,8.04%
Shamit Shome,33.76,83.25%,82.28%,0.33,0.98,17.12,3.96,5.06%
Luis Caicedo,36.42,80.76%,79.87%,0.32,0.88,19.79,6.92,7.92%
Servando Carrasco,32.27,83.95%,82.96%,0.32,0.99,20.94,5.97,2.46%
Bryan Acosta,69.10,85.32%,84.86%,0.32,0.46,23.61,5.34,11.01%
Wil Trapp,65.45,85.24%,84.76%,0.32,0.48,20.67,5.47,11.52%
Ilie Sánchez,62.00,84.95%,84.44%,0.32,0.51,22.22,6.26,9.86%
Jalil Anibaba,31.79,68.11%,67.12%,0.31,0.99,26.81,15.38,8.34%
Michee Ngalina,6.86,100.00%,95.58%,0.30,4.42,9.45,-9.32,0.19%
Frankie Amaya,40.81,83.51%,82.78%,0.30,0.73,19.44,1.30,7.02%
Tyler Miller,28.49,79.88%,78.85%,0.29,1.03,34.44,26.22,11.59%
Tomás Martínez,39.85,80.81%,80.08%,0.29,0.73,18.96,4.69,7.79%
Diego Palacios,77.76,80.25%,79.87%,0.29,0.37,17.94,1.37,6.64%
Edgar Castillo,49.68,74.68%,74.12%,0.28,0.56,18.91,8.66,10.80%
Mark McKenzie,48.25,85.42%,84.85%,0.28,0.57,21.12,7.05,8.67%
Diego Fagundez,40.46,79.34%,78.66%,0.27,0.67,18.18,4.23,4.60%
Anton Tinnerholm,52.72,74.98%,74.50%,0.26,0.49,18.65,5.09,9.34%
Ezequiel Barco,45.06,79.23%,78.66%,0.26,0.57,17.72,1.74,6.53%
Carles Gil,60.62,76.27%,75.85%,0.25,0.42,21.18,5.75,13.39%
Francisco Calvo,53.17,77.65%,77.20%,0.24,0.45,23.80,10.99,11.04%
Brad Guzan,35.13,74.41%,73.73%,0.24,0.68,39.46,29.14,16.77%
Kendall Waston,48.30,78.46%,77.98%,0.23,0.48,25.17,11.60,11.17%
David Ousted,27.25,65.38%,64.55%,0.23,0.84,42.79,34.55,14.59%
Marcelo,43.31,77.80%,77.29%,0.22,0.51,24.25,10.48,7.55%
Emerson Hyndman,39.07,83.26%,82.69%,0.22,0.56,16.11,2.45,5.59%
Eric Alexander,37.80,84.89%,84.33%,0.21,0.56,15.79,1.91,4.91%
Jeff Attinella,30.56,66.04%,65.35%,0.21,0.69,43.24,35.90,20.14%
Jordan Hamilton,17.90,85.31%,84.14%,0.21,1.18,13.49,-3.51,2.23%
Felipe,50.74,83.17%,82.76%,0.21,0.40,20.81,5.03,8.26%
Aboubacar Keita,34.56,83.12%,82.56%,0.19,0.56,24.27,9.11,7.62%
Diedie Traore,46.02,73.28%,72.88%,0.18,0.40,18.76,5.90,6.59%
Derrick Etienne,29.76,71.06%,70.46%,0.18,0.61,18.15,2.86,3.93%
Diego Rossi,33.37,80.40%,79.87%,0.18,0.54,15.34,-1.56,6.80%
Thomás Chacón,25.32,83.33%,82.66%,0.17,0.68,14.90,-3.19,3.54%
Tommy McCabe,46.47,87.59%,87.22%,0.17,0.37,20.24,4.75,5.03%
Brad Stuver,34.84,85.33%,84.87%,0.16,0.46,32.89,22.22,17.46%
Peter-Lee Vassell,47.78,83.18%,82.84%,0.16,0.34,16.11,3.06,3.33%
Adrián Zendejas,42.67,86.36%,86.00%,0.16,0.37,30.54,20.33,11.79%
Przemyslaw Frankowski,38.98,76.00%,75.60%,0.15,0.39,17.95,1.18,7.39%
Tim Melia,31.87,77.87%,77.40%,0.15,0.47,35.75,26.06,14.87%
Lucas Rodríguez,32.24,84.94%,84.48%,0.15,0.46,17.31,1.76,7.57%
Kyle Beckerman,57.46,84.45%,84.22%,0.13,0.23,20.27,5.52,10.92%
Julian Araujo,41.53,72.98%,72.67%,0.13,0.31,18.44,4.39,5.87%
Jimmy Medranda,32.27,74.68%,74.31%,0.12,0.38,18.69,2.10,1.98%
Cristian Pavón,42.05,73.20%,72.92%,0.12,0.28,16.44,2.21,9.88%
Will Johnson,47.45,85.76%,85.53%,0.11,0.24,19.28,2.29,8.94%
Saad Abdul-Salaam,45.83,76.25%,76.01%,0.11,0.24,19.07,4.32,6.13%
Eric Remedi,57.74,87.90%,87.71%,0.11,0.19,19.35,3.36,8.34%
Marco Fabián,54.37,83.27%,83.07%,0.11,0.20,18.08,1.95,6.79%
Zakaria Diallo,58.34,83.57%,83.38%,0.11,0.18,24.51,10.29,11.07%
Emmanuel Boateng,26.58,72.79%,72.40%,0.10,0.39,15.30,0.60,2.88%
Cristian Martínez,49.20,73.17%,72.97%,0.10,0.20,19.24,2.92,1.79%
Tim Howard,31.17,57.12%,56.84%,0.09,0.29,48.65,42.92,17.71%
Dillon Powers,47.30,83.68%,83.52%,0.07,0.16,18.82,3.76,9.96%
Jaylin Lindsey,39.83,84.62%,84.44%,0.07,0.18,22.31,1.30,10.29%
Steve Clark,33.53,76.48%,76.29%,0.07,0.20,38.40,28.50,16.54%
Ali Adnan,53.63,74.88%,74.77%,0.06,0.11,19.99,4.64,11.73%
Alex Roldan,28.49,83.22%,83.03%,0.06,0.19,17.60,0.66,4.13%
Kenneth Kronholm,32.49,76.83%,76.67%,0.05,0.16,34.98,25.56,11.36%
Nani,54.44,75.69%,75.60%,0.05,0.09,19.02,3.56,9.96%
Tajon Buchanan,15.03,65.71%,65.40%,0.05,0.32,15.25,2.00,3.12%
Mo Adams,42.81,84.08%,84.04%,0.02,0.05,17.05,4.33,4.59%
Matt Freese,26.20,58.02%,57.96%,0.01,0.06,43.50,37.51,15.46%
Mark-Anthony Kaye,66.84,83.84%,83.83%,0.01,0.02,18.23,5.37,10.87%
James Sands,51.41,86.51%,86.50%,0.01,0.02,20.76,5.81,8.68%
Sebastián Saucedo,39.17,77.26%,77.24%,0.01,0.02,21.00,2.48,5.47%
Daniel Bedoya,0.00,0.00%,0.00%,0.00,0.00,0.00,0.00,0.00%
Juan Pablo Torres,0.00,0.00%,0.00%,0.00,0.00,0.00,0.00,0.00%
Zachary Brault-Guillard,51.87,74.57%,74.59%,-0.01,-0.02,19.45,4.56,8.45%
Robin Lod,30.89,81.37%,81.41%,-0.01,-0.04,16.29,1.77,4.96%
Doneil Henry,38.89,81.83%,81.88%,-0.02,-0.05,23.88,10.77,8.80%
Harry Shipp,46.41,81.59%,81.63%,-0.02,-0.05,16.94,3.25,5.53%
Luis Argudo,33.85,82.14%,82.23%,-0.03,-0.09,17.00,0.90,5.18%
Sam Nicholson,24.68,67.72%,67.86%,-0.04,-0.15,16.30,1.78,5.88%
Jesse González,31.09,82.56%,82.68%,-0.04,-0.12,32.82,21.53,13.56%
Daniel Vega,33.65,74.64%,74.80%,-0.05,-0.15,36.88,25.79,17.52%
Favio Álvarez,48.14,82.16%,82.27%,-0.05,-0.11,16.30,2.78,7.81%
Joe Gyau,28.16,83.22%,83.43%,-0.06,-0.20,14.31,-1.66,5.56%
Yordy Reyna,29.60,76.97%,77.16%,-0.06,-0.20,17.89,2.16,7.00%
José Bizama,45.53,75.00%,75.13%,-0.06,-0.13,18.48,3.26,9.74%
Víctor Rodríguez,47.35,74.70%,74.83%,-0.06,-0.13,15.63,2.58,7.06%
Vito Mannone,30.74,63.26%,63.47%,-0.06,-0.21,43.49,37.29,14.54%
Sean Davis,53.39,76.10%,76.23%,-0.07,-0.14,17.62,7.99,10.99%
Brian Rowe,27.91,62.46%,62.73%,-0.08,-0.27,47.17,40.34,14.91%
Christian Ramirez,20.96,79.79%,80.19%,-0.08,-0.40,14.78,1.23,3.26%
Mohamed El-Munir,64.28,79.39%,79.52%,-0.08,-0.13,17.17,4.45,5.63%
Wilfried Moimbé,32.81,66.12%,66.37%,-0.08,-0.26,21.77,10.46,8.68%
Johan Blomberg,33.94,74.29%,74.57%,-0.10,-0.28,13.89,1.85,3.66%
Derek Cornelius,42.15,81.87%,82.10%,-0.10,-0.23,23.63,9.06,9.27%
Benny Feilhaber,45.12,83.14%,83.37%,-0.10,-0.22,19.40,3.22,7.02%
Aaron Long,36.36,64.49%,64.77%,-0.10,-0.28,22.97,14.94,8.47%
Clément Bayiha,33.09,75.27%,75.59%,-0.10,-0.32,13.02,-0.39,4.05%
Ayo Akinola,20.31,85.48%,86.01%,-0.11,-0.53,15.74,-3.59,1.78%
Fabian Herbers,36.40,80.66%,80.97%,-0.11,-0.30,15.28,0.30,4.18%
Emil Cuello,24.20,75.81%,76.30%,-0.12,-0.49,19.02,3.07,2.32%
Donovan Pines,36.94,79.94%,80.31%,-0.14,-0.37,20.94,6.54,7.61%
Michael Barrios,33.60,70.10%,70.51%,-0.14,-0.41,18.38,-1.38,7.00%
Nemanja Nikolic,21.46,81.55%,82.20%,-0.14,-0.65,14.68,-3.07,3.63%
Carlos Gruezo,63.85,88.37%,88.59%,-0.14,-0.22,19.40,1.99,10.50%
Jordy Delem,44.24,81.92%,82.24%,-0.14,-0.32,18.71,6.53,6.60%
Mathieu Choinière,29.16,81.97%,82.48%,-0.15,-0.51,15.86,0.87,3.53%
DeJuan Jones,35.67,75.09%,75.51%,-0.15,-0.42,17.35,4.57,6.69%
Miguel Ibarra,35.79,77.80%,78.26%,-0.16,-0.46,16.97,1.61,5.90%
Cristian Penilla,34.21,71.20%,71.69%,-0.17,-0.48,19.00,3.12,6.03%
Joe Bendik,26.99,71.86%,72.47%,-0.17,-0.62,39.81,31.23,13.59%
Caleb Stanko,41.35,84.29%,84.69%,-0.17,-0.41,19.97,4.34,6.31%
Jozy Altidore,25.22,76.76%,77.50%,-0.19,-0.74,16.56,1.10,4.86%
Kellyn Acosta,33.78,80.65%,81.21%,-0.19,-0.55,18.59,4.49,8.21%
Wilfried Zahibo,47.88,77.90%,78.31%,-0.20,-0.41,20.19,8.81,7.20%
Rasmus Schüller,44.72,82.11%,82.58%,-0.21,-0.47,17.77,2.65,6.78%
Marcelo Silva,37.50,82.30%,82.88%,-0.22,-0.58,22.16,7.75,7.25%
Alexander Ring,64.33,83.14%,83.48%,-0.22,-0.34,21.98,6.89,11.80%
Zoltán Stieber,38.72,79.17%,79.73%,-0.22,-0.57,16.90,1.06,3.15%
Saphir Taïder,60.42,81.47%,81.84%,-0.22,-0.37,22.53,1.88,11.44%
Maxime Crépeau,35.31,71.58%,72.21%,-0.22,-0.63,41.04,30.36,16.33%
Ricardo Clark,47.14,81.77%,82.25%,-0.22,-0.48,18.54,5.89,6.53%
Scott Caldwell,43.23,81.45%,81.97%,-0.23,-0.53,19.22,6.22,6.52%
Bill Hamid,25.38,62.80%,63.74%,-0.24,-0.94,43.76,37.27,13.18%
Diego Valeri,55.24,71.72%,72.15%,-0.24,-0.43,20.77,3.17,10.10%
Derrick Jones,20.06,85.71%,86.93%,-0.24,-1.21,11.55,2.05,2.88%
Andy Rose,42.23,81.69%,82.28%,-0.25,-0.59,20.91,6.15,7.91%
Michaell Chirinos,32.65,83.33%,84.10%,-0.25,-0.77,17.07,-1.31,5.23%
Adam Lundkvist,51.78,73.82%,74.32%,-0.26,-0.49,20.94,2.78,10.25%
Luis Díaz,20.87,64.58%,65.84%,-0.26,-1.25,18.19,1.26,4.04%
David Accam,20.19,73.00%,74.29%,-0.26,-1.30,15.38,0.65,3.21%
Evan Bush,29.08,67.82%,68.78%,-0.28,-0.96,40.42,31.70,16.81%
Dom Dwyer,12.30,72.37%,74.68%,-0.28,-2.31,15.79,0.15,3.02%
Juan David Cabezas,38.19,81.53%,82.28%,-0.29,-0.75,19.91,5.35,4.58%
Zack Steffen,30.63,73.41%,74.38%,-0.30,-0.97,37.42,29.18,13.90%
Leonardo Jara,47.06,77.83%,78.48%,-0.30,-0.65,19.29,3.82,8.79%
Victor Ulloa,52.61,82.22%,82.81%,-0.31,-0.59,18.97,4.11,9.02%
Jeff Larentowicz,44.54,84.20%,84.92%,-0.32,-0.71,19.14,3.64,5.37%
Erik Holt,33.91,77.46%,78.40%,-0.32,-0.94,24.37,10.80,7.36%
Victor Giro,39.47,81.62%,82.44%,-0.32,-0.82,16.02,1.53,4.44%
Fatai Alashe,26.22,81.62%,82.87%,-0.33,-1.26,16.00,3.72,3.42%
Samuel Piette,53.34,84.14%,84.76%,-0.33,-0.62,22.58,5.03,10.32%
Zlatan Ibrahimovic,32.74,71.00%,72.04%,-0.34,-1.04,16.23,3.35,8.04%
Joe Willis,28.12,65.18%,66.41%,-0.35,-1.23,43.09,35.02,17.27%
Youness Mokhtar,36.45,70.49%,71.48%,-0.36,-0.98,22.82,6.30,5.47%
Zdenek Ondrasek,18.75,78.44%,80.39%,-0.36,-1.95,14.68,-2.27,2.39%
Eric Dick,29.62,68.97%,70.24%,-0.38,-1.27,40.63,34.15,23.70%
Danny Wilson,33.77,73.59%,74.73%,-0.38,-1.14,24.34,10.55,7.11%
Maximiliano Moralez,59.52,75.69%,76.33%,-0.38,-0.65,20.52,4.34,10.30%
Cristian Higuita,59.86,85.94%,86.59%,-0.39,-0.65,17.61,1.49,9.84%
Damir Kreilach,51.67,79.96%,80.72%,-0.39,-0.76,18.43,2.33,9.86%
Tosaint Ricketts,16.49,78.65%,81.09%,-0.40,-2.44,15.41,-3.30,3.06%
Mauro Manotas,23.32,78.48%,80.20%,-0.40,-1.73,14.87,0.12,5.53%
Jordan Morris,30.41,75.36%,76.70%,-0.41,-1.34,16.52,0.33,5.43%
Dániel Sallói,25.35,76.89%,78.51%,-0.41,-1.62,16.40,0.33,4.09%
Tommy McNamara,31.74,76.22%,77.53%,-0.42,-1.31,18.09,2.74,3.86%
David Guzmán,52.05,81.50%,82.34%,-0.44,-0.84,22.23,5.33,8.95%
Alexandru Mitrita,34.01,71.84%,73.16%,-0.45,-1.31,17.37,4.66,6.41%
Josef Martínez,20.72,81.02%,83.23%,-0.46,-2.20,14.72,0.06,5.04%
Nicolas Benezet,49.63,79.51%,80.43%,-0.46,-0.92,16.30,2.39,6.16%
Federico Higuaín,64.58,77.86%,78.57%,-0.46,-0.71,20.72,5.03,9.80%
Jacob Shaffelburg,24.88,58.70%,60.59%,-0.47,-1.89,17.64,-1.20,4.33%
Chris Mueller,41.73,73.38%,74.52%,-0.47,-1.13,16.99,1.55,5.54%
Romell Quioto,38.88,64.44%,65.67%,-0.48,-1.23,21.96,1.49,4.76%
Mauricio Pereyra,56.48,75.89%,76.74%,-0.48,-0.85,20.04,6.40,8.46%
Harry Novillo,32.45,72.62%,74.13%,-0.49,-1.51,20.93,1.29,3.69%
Pablo Sisniega,27.26,73.94%,75.75%,-0.49,-1.81,32.94,25.06,8.79%
Alberth Elis,25.55,69.60%,71.60%,-0.51,-2.00,14.78,0.91,6.86%
Raúl Ruidíaz,21.08,84.62%,87.05%,-0.51,-2.43,16.26,-1.93,4.91%
Spencer Richey,34.08,66.97%,68.51%,-0.52,-1.54,41.25,32.59,17.92%
Dominique Badji,21.70,75.96%,78.38%,-0.52,-2.42,16.20,-1.34,4.22%
Kemar Lawrence,44.21,68.44%,69.63%,-0.53,-1.19,18.90,7.71,8.85%
Lawrence Olum,43.68,81.27%,82.48%,-0.53,-1.20,18.83,5.98,6.67%
Ruan,38.85,72.53%,73.92%,-0.54,-1.38,17.21,3.06,8.15%
Thomas Roberts,33.45,78.26%,79.87%,-0.54,-1.61,19.16,3.80,3.62%
Abu Danladi,23.12,71.43%,73.77%,-0.54,-2.35,15.96,0.56,2.59%
Ethan Finlay,19.95,65.98%,68.76%,-0.55,-2.78,16.80,2.67,3.76%
Josué Colmán,47.06,77.00%,78.19%,-0.56,-1.19,21.39,3.73,2.62%
Bojan Krkić,34.12,79.65%,81.29%,-0.56,-1.64,17.00,2.84,6.82%
Brooks Lennon,49.51,72.78%,73.92%,-0.57,-1.14,22.05,5.38,7.20%
Nick Besler,41.78,80.17%,81.56%,-0.58,-1.40,21.07,6.37,5.18%
Eloy Room,33.68,67.93%,69.69%,-0.59,-1.76,40.43,31.61,15.87%
Grant Lillard,40.66,76.29%,77.75%,-0.60,-1.46,24.49,10.43,6.71%
Adrien Pérez,34.46,73.47%,75.20%,-0.60,-1.73,15.75,-0.92,1.60%
Gerso,23.30,68.70%,71.31%,-0.61,-2.61,15.40,0.41,5.34%
Carlos Fierro,31.64,70.11%,72.06%,-0.61,-1.94,16.81,2.85,2.52%
Pablo Aránguiz,47.77,77.56%,78.85%,-0.62,-1.29,18.62,3.65,5.14%
Kofi Opare,35.35,83.49%,85.26%,-0.63,-1.77,19.23,6.31,7.50%
Sebastián Blanco,60.94,69.15%,70.18%,-0.63,-1.03,22.63,7.43,11.51%
Juan Agudelo,36.09,77.96%,79.72%,-0.64,-1.76,15.70,3.25,7.66%
Brett Levis,36.19,75.69%,77.48%,-0.65,-1.78,18.77,4.20,4.45%
João Moutinho,58.94,71.46%,72.59%,-0.66,-1.12,18.92,5.77,9.93%
Cristian Espinoza,49.33,71.19%,72.56%,-0.67,-1.36,19.25,-0.42,9.32%
Brandon Servania,45.34,83.36%,84.88%,-0.69,-1.52,18.49,4.35,6.43%
Memo Rodríguez,34.60,68.73%,70.74%,-0.70,-2.02,20.09,2.37,5.45%
Nicolás Mezquida,37.53,73.37%,75.24%,-0.70,-1.87,18.93,2.94,5.60%
Ethan Zubak,13.47,62.50%,67.72%,-0.70,-5.22,18.48,9.52,1.19%
Jefferson Savarino,34.65,75.80%,77.84%,-0.70,-2.03,18.95,2.22,7.98%
Ballou Tabla,37.51,77.97%,79.90%,-0.73,-1.94,16.67,0.84,3.00%
Ismael Tajouri-Shradi,40.61,79.86%,81.66%,-0.73,-1.79,16.51,0.79,4.50%
Jeremiah Gutjahr,48.78,71.28%,72.77%,-0.73,-1.50,19.37,7.34,6.54%
Jonathan Lewis,23.45,70.33%,73.46%,-0.73,-3.12,16.54,-0.25,3.85%
Robinho,32.24,77.94%,80.21%,-0.73,-2.28,14.67,-1.39,5.39%
Juninho Pereira,72.00,93.33%,94.35%,-0.73,-1.02,13.49,-5.19,1.04%
Diego Rubio,30.34,71.98%,74.43%,-0.74,-2.44,19.24,4.67,8.21%
Ken Krolicki,41.35,86.27%,88.08%,-0.75,-1.81,16.94,0.17,5.09%
Henry Wingo,31.31,77.63%,80.02%,-0.75,-2.39,16.40,-0.49,3.06%
Ulises Segura,37.43,76.23%,78.23%,-0.75,-2.00,14.69,1.51,5.46%
Romain Alessandrini,64.67,70.10%,71.27%,-0.76,-1.17,17.40,1.44,7.46%
Rodolfo Zelaya,19.06,66.67%,70.66%,-0.76,-3.99,17.80,1.46,1.97%
Danny Leyva,52.27,85.21%,86.68%,-0.77,-1.47,19.29,4.59,7.48%
Carlos Vela,38.98,66.83%,68.80%,-0.77,-1.97,20.34,2.84,8.38%
Julian Gressel,49.86,70.63%,72.19%,-0.78,-1.56,20.43,2.46,8.29%
Brian Fernández,19.44,75.79%,79.78%,-0.78,-3.99,17.23,-0.66,4.22%
Erik Hurtado,17.83,79.64%,84.01%,-0.78,-4.37,14.54,-3.04,4.07%
Andrew Wooten,21.42,74.71%,78.35%,-0.78,-3.64,12.86,-1.32,2.89%
Shane O'Neill,41.49,70.37%,72.26%,-0.78,-1.89,22.72,10.61,8.36%
Warren Creavalle,32.66,78.52%,80.95%,-0.79,-2.43,18.04,4.27,2.69%
Brenden Aaronson,33.35,76.97%,79.44%,-0.82,-2.46,15.67,0.79,5.06%
Forrest Lasso,43.98,73.10%,74.97%,-0.83,-1.88,25.90,12.50,8.91%
Omir Fernandez,22.16,75.16%,78.90%,-0.83,-3.74,11.98,0.48,2.72%
Juan Fernando Caicedo,20.30,75.59%,79.84%,-0.86,-4.25,14.22,-2.75,2.60%
Santiago Mosquera,40.01,72.19%,74.38%,-0.88,-2.19,20.27,3.20,5.04%
Orji Okwonkwo,27.03,77.84%,81.11%,-0.88,-3.27,15.31,-2.85,4.66%
Kyle Duncan,47.28,65.59%,67.46%,-0.88,-1.87,18.48,10.71,11.30%
Maximiliano Urruti,22.29,78.21%,82.23%,-0.90,-4.02,17.50,0.14,5.33%
Diego Campos,50.28,68.50%,70.29%,-0.90,-1.79,21.49,5.37,5.33%
Artur,56.42,84.10%,85.70%,-0.90,-1.60,20.29,3.33,10.02%
Michael Murillo,51.39,66.07%,67.83%,-0.90,-1.76,17.27,8.79,10.45%
Darren Mattocks,20.10,73.10%,77.62%,-0.91,-4.51,15.81,0.34,4.11%
Tesho Akindele,27.18,74.87%,78.23%,-0.91,-3.36,15.16,-0.70,5.09%
Andrew Putna,33.88,50.57%,53.28%,-0.92,-2.71,49.83,45.61,15.82%
Chris Wondolowski,16.28,75.59%,81.30%,-0.93,-5.71,14.46,0.13,2.73%
Jacori Hayes,53.57,85.95%,87.69%,-0.93,-1.75,17.39,2.27,5.98%
Angelo Rodríguez,16.97,66.37%,71.89%,-0.94,-5.52,14.32,1.51,4.01%
Jesús Ferreira,32.68,80.84%,83.74%,-0.95,-2.90,17.78,1.86,5.60%
Danny Hoesen,20.85,71.93%,76.48%,-0.95,-4.54,15.68,1.85,2.99%
Jon Kempin,30.06,62.37%,65.56%,-0.96,-3.19,42.73,35.13,12.22%
Wayne Rooney,46.39,73.37%,75.45%,-0.97,-2.08,22.97,3.42,8.48%
Alex Bono,25.88,67.88%,71.69%,-0.99,-3.81,38.11,30.25,14.12%
Dion Pereira,32.63,74.71%,77.76%,-1.00,-3.05,17.04,-1.15,3.26%
Johnny Russell,36.53,64.25%,67.00%,-1.01,-2.75,22.60,1.99,7.09%
Sacha Kljestan,56.66,78.85%,80.62%,-1.01,-1.78,16.93,3.65,7.71%
Santiago Patiño,10.85,71.11%,80.41%,-1.01,-9.30,15.27,-1.97,1.87%
Emanuel Cecchini,48.53,86.81%,88.90%,-1.01,-2.08,18.31,2.07,4.02%
Luis Robles,24.27,49.40%,53.60%,-1.02,-4.20,48.65,43.63,12.78%
Efrain Álvarez,43.10,72.39%,74.81%,-1.04,-2.42,20.65,5.00,3.98%
Gyasi Zardes,17.25,71.81%,77.88%,-1.05,-6.07,12.71,-0.52,4.85%
Amro Tarek,30.93,58.11%,61.59%,-1.08,-3.48,24.31,16.36,6.63%
Dairon Asprilla,26.31,72.51%,76.63%,-1.08,-4.11,18.24,-0.61,3.85%
Gary Mackay-Steven,29.11,72.93%,76.65%,-1.08,-3.72,16.68,0.30,3.34%
C.J. Sapong,21.68,66.83%,71.85%,-1.09,-5.03,15.15,1.32,5.30%
Fafa Picault,28.49,71.85%,75.72%,-1.10,-3.86,16.26,-1.73,4.53%
Roger Espinoza,40.66,74.71%,77.43%,-1.10,-2.72,19.10,4.74,6.66%
Leonardo Bertone,49.59,76.80%,79.03%,-1.11,-2.24,21.73,6.28,9.55%
Brian Rodríguez,43.45,75.27%,77.85%,-1.12,-2.58,16.76,-3.42,5.24%
Will Bruin,20.02,68.37%,74.00%,-1.13,-5.63,12.39,-0.68,2.70%
Cole Bassett,42.97,78.56%,81.18%,-1.13,-2.63,17.58,1.98,6.07%
Fabinho,38.40,72.50%,75.45%,-1.13,-2.95,14.84,4.15,10.00%
Alvas Powell,43.69,67.56%,70.16%,-1.14,-2.60,23.99,8.23,9.28%
Marc Rzatkowski,47.89,70.71%,73.09%,-1.14,-2.38,17.72,6.37,10.37%
Lass Bangoura,33.47,75.72%,79.12%,-1.14,-3.40,16.65,2.35,3.66%
Jalen Robinson,25.06,74.19%,78.77%,-1.15,-4.58,19.75,6.44,3.44%
Jeremy Ebobisse,22.76,71.59%,76.64%,-1.15,-5.05,17.14,1.91,4.04%
Corey Baird,29.63,77.91%,81.84%,-1.17,-3.93,15.16,-0.55,5.16%
Roland Lamah,32.83,71.88%,75.47%,-1.18,-3.58,18.56,1.35,5.63%
Adama Diomande,20.54,71.81%,77.64%,-1.20,-5.83,16.34,1.61,3.60%
Justin Dhillon,15.44,65.22%,73.05%,-1.21,-7.84,15.74,-1.08,2.46%
Teal Bunbury,24.77,71.80%,76.74%,-1.22,-4.94,15.10,-0.04,5.55%
Marco Farfan,36.85,71.60%,74.93%,-1.22,-3.32,17.45,5.19,7.24%
Quincy Amarikwa,18.34,62.62%,69.36%,-1.24,-6.74,13.86,2.39,1.69%
Alex Muyl,38.85,67.63%,70.82%,-1.24,-3.19,16.08,4.53,6.65%
Daniel Lovitz,54.22,72.39%,74.69%,-1.25,-2.30,20.71,5.45,10.88%
Héctor Villalba,36.26,73.01%,76.49%,-1.26,-3.48,17.09,-0.69,4.37%
Hassani Dotson,41.38,74.01%,77.10%,-1.28,-3.09,19.29,4.83,6.83%
Fanendo Adi,19.94,71.60%,78.09%,-1.29,-6.48,13.71,-1.49,4.18%
Cristian Cásseres Jr,41.57,71.98%,75.09%,-1.30,-3.12,16.10,7.84,9.32%
Lucas Venuto,27.98,73.71%,78.35%,-1.30,-4.64,16.36,-1.49,4.16%
Mason Toye,15.56,67.81%,76.34%,-1.33,-8.53,15.86,-2.65,2.59%
Danilo Acosta,44.51,70.41%,73.40%,-1.33,-2.99,19.31,4.91,9.22%
Kenny Saief,39.39,72.83%,76.25%,-1.35,-3.42,18.90,2.25,7.35%
Ignacio Piatti,28.24,75.31%,80.08%,-1.35,-4.77,18.86,1.27,6.10%
Eryk Williamson,35.83,80.58%,84.36%,-1.35,-3.78,16.55,2.83,4.11%
Carlos Ascues,33.49,78.04%,82.09%,-1.36,-4.05,17.70,4.24,6.12%
Andrew Carleton,43.64,62.86%,65.99%,-1.37,-3.14,21.22,5.09,2.14%
Zac MacMath,37.53,69.87%,73.57%,-1.39,-3.70,39.36,29.40,13.88%
Benji Michel,16.58,65.41%,73.79%,-1.39,-8.38,16.51,1.00,3.67%
Erickson Gallardo,30.87,64.63%,69.21%,-1.41,-4.58,15.69,1.66,3.61%
Marlon Hairston,26.85,73.48%,78.79%,-1.42,-5.31,14.26,-2.60,2.75%
Andreas Ivan,29.08,57.99%,62.93%,-1.44,-4.94,19.87,5.75,4.00%
Darwin Quintero,37.36,67.43%,71.34%,-1.46,-3.91,20.28,7.75,8.08%
Luis Silva,22.05,82.35%,88.99%,-1.46,-6.64,16.22,-0.04,2.35%
Clément Diop,28.26,58.62%,63.82%,-1.47,-5.20,41.73,35.46,15.55%
Kei Kamara,26.44,69.40%,74.96%,-1.47,-5.56,14.84,0.59,8.26%
Lassi Lappalainen,28.31,75.91%,81.11%,-1.47,-5.20,14.52,0.43,5.13%
Paul Arriola,38.07,70.86%,74.75%,-1.48,-3.89,16.10,2.65,8.17%
Krisztián Németh,23.32,74.82%,81.26%,-1.50,-6.44,13.84,-1.10,4.03%
Omar Browne,37.81,70.20%,74.25%,-1.53,-4.05,18.86,3.06,6.14%
Connor Lade,43.78,65.41%,68.95%,-1.55,-3.54,18.44,9.65,8.67%
Mikey Ambrose,56.47,72.35%,75.09%,-1.55,-2.74,17.03,3.97,8.63%
Griffin Yow,11.29,75.00%,88.81%,-1.56,-13.81,14.93,-7.39,2.44%
Handwalla Bwana,30.97,66.82%,71.87%,-1.56,-5.04,15.98,-0.25,3.62%
Daniel Royer,31.71,66.63%,71.56%,-1.56,-4.93,14.18,3.48,6.86%
Brandon Vázquez,22.53,74.55%,81.54%,-1.58,-6.99,14.83,-2.78,3.84%
Terrence Boyd,21.75,69.57%,76.86%,-1.59,-7.29,13.80,-2.66,1.96%
Allan Cruz,25.13,70.88%,77.19%,-1.59,-6.32,16.18,2.99,5.97%
Justin Meram,46.30,72.44%,75.90%,-1.60,-3.46,16.62,1.98,6.31%
Anthony Jackson-Hamel,19.97,67.81%,76.01%,-1.64,-8.21,15.67,-0.65,2.34%
Tom Barlow,17.64,60.83%,70.23%,-1.66,-9.40,11.87,0.07,2.89%
Valentín Castellanos,23.02,65.80%,73.03%,-1.66,-7.23,14.97,1.03,4.61%
Luciano Acosta,54.79,74.18%,77.24%,-1.68,-3.06,17.99,5.36,9.78%
Ryan Meara,28.51,36.67%,42.62%,-1.70,-5.95,62.99,59.24,9.70%
Kekuta Manneh,28.96,73.69%,79.60%,-1.71,-5.90,15.74,-0.01,4.88%
Nicolás Lodeiro,75.72,73.12%,75.38%,-1.71,-2.26,20.41,4.43,14.40%
Andre Shinyashiki,28.00,66.42%,72.55%,-1.72,-6.13,17.01,3.50,5.82%
Kelyn Rowe,36.14,71.43%,76.22%,-1.73,-4.80,18.87,3.64,4.31%
Gustavo Bou,32.63,68.84%,74.25%,-1.77,-5.41,18.35,4.26,8.25%
Brian Wright,11.52,33.33%,48.67%,-1.77,-15.34,12.26,5.48,0.49%
Cory Burke,15.82,55.56%,66.96%,-1.81,-11.41,16.13,1.76,4.21%
Fredy Montero,29.14,66.67%,72.94%,-1.83,-6.28,20.04,4.48,5.53%
Kevin Molino,43.68,73.48%,77.86%,-1.91,-4.38,18.12,3.92,6.55%
Sam Johnson,19.99,67.92%,77.50%,-1.92,-9.58,14.88,-2.12,3.04%
Tomás Conechny,51.84,76.27%,79.97%,-1.92,-3.70,17.27,2.54,2.98%
Chris Durkin,50.18,79.47%,83.39%,-1.96,-3.91,18.69,6.00,6.37%
Héber,27.21,75.05%,82.31%,-1.97,-7.25,14.80,-0.05,5.04%
Ronaldo Peña,24.91,77.08%,85.03%,-1.98,-7.95,13.40,-2.00,3.01%
Emmanuel Ledesma,34.76,62.54%,68.25%,-1.99,-5.72,22.44,4.91,6.75%
Mathias Jørgensen,12.49,63.16%,79.12%,-1.99,-15.96,14.26,-2.20,1.21%
Patrick Mullins,20.50,61.76%,71.51%,-2.00,-9.74,16.02,2.78,1.93%
Kacper Przybylko,32.13,72.82%,79.03%,-2.00,-6.22,14.61,-1.58,6.87%
Tate Schmitt,27.08,69.70%,77.27%,-2.05,-7.57,14.19,-0.28,1.77%
Brian White,20.85,61.98%,72.23%,-2.14,-10.25,12.42,-0.32,4.75%
Alejandro Romero Gamarra,57.52,66.98%,70.70%,-2.14,-3.72,19.09,6.41,9.75%
Ola Kamara,24.85,67.12%,75.77%,-2.15,-8.64,14.76,0.67,3.37%
Tyler Deric,30.89,53.36%,60.32%,-2.15,-6.96,46.98,40.29,15.11%
Abdul Rwatubyaye,60.80,80.70%,84.29%,-2.18,-3.59,22.33,8.48,10.03%
Josh Sims,35.14,66.84%,73.13%,-2.21,-6.29,15.01,-0.22,7.49%
Sergio Santos,23.53,63.22%,72.65%,-2.22,-9.43,15.44,1.07,2.79%
Romario Ibarra,18.69,64.20%,76.14%,-2.23,-11.95,14.35,1.49,2.93%
Sebastian Anderson,38.17,57.58%,63.54%,-2.28,-5.96,19.60,8.15,5.94%
Bradley Wright-Phillips,23.91,64.35%,73.88%,-2.28,-9.53,13.52,1.88,3.60%
Joaquín Ardáiz,14.53,59.21%,75.15%,-2.32,-15.94,13.89,-2.11,1.41%
Theo Bair,22.60,62.62%,72.97%,-2.34,-10.35,15.83,0.58,3.57%
Pedro Santos,40.37,62.54%,68.51%,-2.41,-5.97,21.48,5.05,9.08%
Florian Valot,40.84,68.42%,74.67%,-2.55,-6.25,15.88,5.64,7.59%
Nicolás Gaitán,46.09,64.03%,69.81%,-2.66,-5.78,22.33,6.30,8.08%
Luke Mulholland,46.08,66.67%,72.47%,-2.67,-5.80,22.87,17.44,2.92%
Romario Williams,19.02,59.52%,73.61%,-2.68,-14.08,15.31,1.12,1.92%
Ema Twumasi,34.29,73.33%,81.28%,-2.72,-7.94,18.47,-0.18,1.74%
Lucas Melano,24.43,62.79%,74.24%,-2.80,-11.45,15.97,-2.21,1.64%
Niki Jackson,18.29,58.33%,74.00%,-2.86,-15.66,18.40,3.40,1.02%
Niko Hämäläinen,56.92,76.12%,81.39%,-3.00,-5.27,16.99,1.81,4.05%
Pity Martínez,51.69,67.23%,73.11%,-3.04,-5.88,20.45,4.68,8.00%
Chris Seitz,19.59,40.00%,56.09%,-3.15,-16.09,49.10,40.76,13.17%
Edwin Gyasi,22.86,60.00%,74.39%,-3.29,-14.39,18.35,-2.39,1.92%
Vincent Bezecourt,30.49,55.48%,66.43%,-3.34,-10.94,16.12,6.34,5.25%
Joao Plata,50.73,71.03%,77.95%,-3.51,-6.92,20.13,2.47,2.55%
Rashawn Dally,22.03,70.07%,86.01%,-3.51,-15.94,12.14,-3.06,3.30%
Eric Calvillo,48.00,76.74%,84.66%,-3.80,-7.91,18.68,-2.05,3.31%
Marcus Epps,43.78,61.40%,71.50%,-4.42,-10.10,13.07,2.07,4.38%
Carter Manley,41.94,60.00%,70.81%,-4.53,-10.81,19.84,9.88,11.15%
J.J. Williams,16.26,45.16%,73.19%,-4.56,-28.02,12.15,-1.01,3.00%
Georges Mukumbilwa,22.15,33.33%,53.91%,-4.56,-20.58,19.31,0.96,0.66%
Justin Rennicks,22.54,62.96%,86.26%,-5.25,-23.30,11.76,-0.11,3.94%
Nazmi Albadawi,38.40,66.67%,83.89%,-6.61,-17.23,13.79,-4.33,1.85%
Douglas Martínez,35.45,62.50%,84.84%,-7.92,-22.34,13.11,-3.63,6.27%
Griffin Dorsey,9.60,0.00%,94.45%,-9.07,-94.45,26.65,-2.99,0.17%
Kevin Partida,57.60,66.67%,91.78%,-14.47,-25.12,23.11,-22.46,0.80%
Gilbert Fuentes,54.86,50.00%,81.02%,-17.02,-31.02,19.18,5.32,0.96%